Model,Test Accuracy,Test Precision,Test Recall,Test F1
Decision Tree,0.5316936488169365,0.5000418016227887,0.5090700716664359,0.5039436867924011
Logistic Regression,0.5172478206724782,0.5078702812536539,0.5424838124035789,0.5002948724427712
KNN,0.5616438356164384,0.5433111811938554,0.5825969089947278,0.5514399216553719
Random Forest,0.6338107098381071,0.6094537838032578,0.614200959949327,0.6053149384644816
XGBoost,0.6100249066002491,0.5841428132960406,0.5836642969092697,0.5736314206973693
LightGBM,0.6212951432129514,0.5976847166103129,0.5879107231559941,0.5838921531385974
Bagging,0.6315068493150685,0.6114984189580746,0.5824882233269045,0.5908223548866993
AdaBoost,0.5054794520547945,0.5366355882710421,0.5719472435219074,0.49994917819204776
Extra Trees,0.6042341220423412,0.5803711278763953,0.6090509436962036,0.584803243030036
