Month,Age,Occupation,Annual_Income,Monthly_Inhand_Salary,Num_Bank_Accounts,Num_Credit_Card,Interest_Rate,Num_of_Loan,Delay_from_due_date,Num_of_Delayed_Payment,Changed_Credit_Limit,Num_Credit_Inquiries,Outstanding_Debt,Credit_Utilization_Ratio,Payment_of_Min_Amount,Total_EMI_per_month,Amount_invested_monthly,Monthly_Balance,Total_Loans_from_Type,Spent,Value_Payments,Credit_History_Age_Months,AgeBin,Annual_IncomeBin,Monthly_Inhand_SalaryBin,Num_Bank_AccountsBin,Num_Credit_CardBin,Interest_RateBin,Num_of_LoanBin,Delay_from_due_dateBin,Num_of_Delayed_PaymentBin,Changed_Credit_LimitBin,Num_Credit_InquiriesBin,Outstanding_DebtBin,Credit_Utilization_RatioBin,Total_EMI_per_monthBin,Amount_invested_monthlyBin,Monthly_BalanceBin,Total_Loans_from_TypeBin,Credit_History_Age_MonthsBin
4.0,25.0,0.8861325742171614,18128.1,1379.8791666666666,7.0,8.0,33.0,7.0,52.0,16.0,1.04,10.0,3934.53,31.79602962870368,2.0,73.27023594580915,113.53549308997844,241.1821876308792,6.0,0.0,1.0,128.0,0,0,0,2,3,0,3,3,2,0,2,3,1,0,0,0,2,1
3.0,32.0,0.9088674994880197,107911.6,9168.633333333331,3.0,3.0,17.0,2.0,21.0,18.0,11.31,5.0,1086.96,36.096137369702326,2.0,110.625988675333,429.4840303133977,646.7533143446027,1.0,1.0,1.0,324.0,0,0,2,1,1,0,0,1,2,1,1,0,2,0,0,1,0,3
1.0,35.0,0.9326435382430514,34317.6,2794.8,5.0,3.0,7.0,0.0,11.0,12.0,2.07,4.0,386.33,37.11421929055192,2.0,0.0,29.30782264334856,490.1721773566514,2.0,1.0,0.0,322.0,0,0,0,1,1,0,0,0,1,0,0,0,2,0,0,1,0,3
6.0,44.0,0.9052660399744455,37464.04,3002.0033333333336,8.0,7.0,33.0,2.0,51.0,14.0,5.55,11.0,2307.83,27.15296703172293,1.0,43.193027667352936,94.42000802248992,422.5872976434906,2.0,0.0,1.0,194.0,1,0,0,3,2,0,0,3,1,0,2,1,0,0,0,1,0,1
0.0,52.0,0.8708785784797631,19646.255,1831.187916666667,3.0,6.0,10.0,2.0,8.0,1.0,6.7,1.0,614.76,24.692154148324047,0.0,30.11897655779297,24.425378775429827,368.5744363334439,2.0,0.0,2.0,350.0,1,0,0,1,2,0,0,0,0,0,0,0,0,0,0,0,0,3
4.0,30.0,0.8908507223113965,16486.52,849.9441666666668,4.0,7.0,16.0,0.0,13.0,16.0,1.79,4.0,1052.74,29.77394886895056,2.0,0.0,42.28171423038867,359.905952436278,1.0,1.0,1.0,322.0,0,0,0,1,2,0,0,0,2,0,0,0,1,0,0,0,0,3
6.0,45.0,0.8708785784797631,28942.3,2216.858333333333,8.0,3.0,13.0,2.0,12.0,15.0,6.08,3.0,690.71,34.88145224613658,2.0,41.83777444592569,204.2841126387341,265.5639462486736,2.0,0.0,2.0,378.0,1,0,0,3,1,0,0,0,2,0,0,0,1,0,0,0,0,3
4.0,42.0,0.9200710479573713,85494.5,7336.541666666668,1.0,4.0,3.0,1.0,3.0,6.0,11.81,1.0,1351.71,37.03542919031437,1.0,35.745250709644125,207.0315853029876,750.8773306540351,1.0,0.0,1.0,185.0,1,0,1,0,1,0,0,0,0,1,0,1,2,0,0,1,0,1
7.0,39.0,0.9088674994880197,37421.88,3060.49,2.0,4.0,9.0,3.0,6.0,14.0,3.14,2.0,1083.06,23.11444694592756,2.0,59.18879734752478,75.75792013975075,408.1250582039864,3.0,1.0,2.0,359.0,1,0,0,0,1,0,1,0,1,0,0,0,0,0,0,1,1,3
3.0,23.0,0.8879293030729062,106168.77,8700.3975,0.0,4.0,9.0,3.0,2.0,11.0,4.62,4.0,525.82,34.674693721706426,2.0,191.44880586599075,1054.2301015011735,6.2415096173859865,3.0,0.0,2.0,297.0,0,0,2,0,1,0,1,0,1,0,0,0,1,0,2,0,1,2
5.0,34.0,0.8908507223113965,31155.48,2527.29,7.0,4.0,2778.0,5.0,26.0,11.0,12.48,10.0,2598.3,27.935742560119834,2.0,76.9186115426252,48.6548720565302,367.1555164008447,5.0,0.0,2.0,238.0,0,0,0,2,1,1,2,1,1,1,2,2,1,0,0,0,2,2
5.0,29.0,0.8861325742171614,8610.765,888.5637499999998,5.0,7.0,5.0,3.0,27.0,15.0,16.17,8.0,1426.95,33.1495792907613,1.0,14.965694679620729,100.0496980320077,263.8409822883716,3.0,1.0,1.0,215.0,0,0,0,1,2,0,1,1,2,1,1,1,1,0,0,0,1,2
3.0,34.0,0.9088674994880197,37963.16,3145.3783333333336,5.0,5.0,13.0,3.0,18.0,14.0,9.4,5.0,1129.83,32.32194529629182,1.0,68.38487777158893,130.128744608114,338.25748555125017,3.0,0.0,2.0,222.0,0,0,0,1,1,0,1,1,1,1,1,0,1,0,0,0,1,2
7.0,22.0,0.8996865203761756,29674.93,2681.910833333333,3.0,4.0,10.0,3.0,6.0,13.0,7.46,0.0,688.84,28.023259076964504,0.0,46.604219271088496,73.14369387326946,398.4431701889754,2.0,1.0,1.0,339.0,0,0,0,1,1,0,1,0,1,0,0,0,1,0,0,0,0,3
2.0,33.0,0.8708785784797631,7617.915,626.82625,8.0,6.0,16.0,9.0,50.0,19.0,19.47,14.0,3257.62,35.12435201686416,2.0,52.469989240305566,37.33424115449203,248.48249316546008,7.0,2.0,2.0,110.0,0,0,0,3,2,0,3,2,2,2,3,2,2,0,0,0,3,1
5.0,34.0,0.8879293030729062,37963.16,3145.3783333333336,5.0,5.0,13.0,3.0,18.0,14.0,9.4,5.0,1129.83,32.32194529629182,2.0,68.38487777158893,130.128744608114,338.25748555125017,3.0,0.0,0.0,222.0,0,0,0,1,1,0,1,1,1,1,1,0,1,0,0,0,1,2
1.0,34.0,0.8770443349753695,37963.16,3145.3783333333336,5.0,5.0,13.0,3.0,18.0,14.0,9.4,5.0,1129.83,32.32194529629182,2.0,68.38487777158893,130.128744608114,338.25748555125017,3.0,0.0,2.0,222.0,0,0,0,1,1,0,1,1,1,1,1,0,1,0,0,0,1,2
2.0,34.0,0.8908507223113965,37963.16,3145.3783333333336,5.0,5.0,13.0,3.0,18.0,14.0,9.4,5.0,1129.83,32.32194529629182,2.0,68.38487777158893,130.128744608114,338.25748555125017,3.0,2.0,2.0,222.0,0,0,0,1,1,0,1,1,1,1,1,0,1,0,0,0,1,2
2.0,34.0,0.9052660399744455,37963.16,3145.3783333333336,5.0,5.0,13.0,3.0,18.0,14.0,9.4,5.0,1129.83,32.32194529629182,2.0,68.38487777158893,130.128744608114,338.25748555125017,3.0,0.0,0.0,222.0,0,0,0,1,1,0,1,1,1,1,1,0,1,0,0,0,1,2
2.0,45.0,0.8879293030729062,34652.7,2975.725,6.0,7.0,14.0,3.0,5.0,15.0,9.56,4.0,1096.33,23.047753717151537,0.0,64.68031229517283,170.1675469613811,332.7246407434461,2.0,1.0,1.0,239.0,1,0,0,2,2,0,1,0,2,1,0,0,0,0,0,0,0,2
